data_iniSE,SE,casos_est,casos_est_min,casos_est_max,casos,p_rt1,p_inc100k,Localidade_id,nivel,id,versao_modelo,tweet,Rt,pop,tempmin,umidmax,receptivo,transmissao,nivel_inc,umidmed,umidmin,tempmed,tempmax,casprov,casprov_est,casprov_est_min,casprov_est_max,casconf,notif_accum_year
2025-04-20,202517,21588.5,10378,,4993,1.0,176.9523,0,4,355030820251720207,2025-04-29,,1.1508373,1.220018E+7,15.900975,96.742225,0,1,2,87.61455,71.48415,18.1087,21.139225,1629,,,,,1596263
2025-04-13,202516,18761.5,15233,,12599,0.9867959,153.78052,0,4,355030820251620207,2025-04-29,,1.0233227,1.220018E+7,17.5529571428571,97.9935428571429,0,1,2,87.5175714285714,69.4687428571429,20.1061285714286,23.9533714285714,3943,,,,,1596263
2025-04-06,202515,18792.0,17347,,15973,1.0,154.03052,0,4,355030820251520207,2025-04-29,,1.0604511,1.220018E+7,16.2822714285714,95.6212428571429,0,1,2,84.7011285714286,67.5901571428571,19.0208142857143,22.7588285714286,4553,,,,,1596263
2025-03-30,202514,18633.5,17883,,17074,1.0,152.73135,0,4,355030820251420207,2025-04-29,,1.1148119,1.220018E+7,18.7978428571429,97.0881285714286,1,1,2,87.2922857142857,69.3881142857143,21.4425571428571,24.9558857142857,5223,,,,,1596263
2025-03-23,202513,17970.0,17513,,17100,1.0,147.29291,0,4,355030820251320207,2025-04-29,,1.1669327,1.220018E+7,18.5278285714286,98.4427285714286,1,1,2,86.8899142857143,67.6998428571429,21.5942428571429,25.6350857142857,5139,,,,,1596263
2025-03-16,202512,17067.0,16818,,16584,1.0,139.89137,0,4,355030820251220207,2025-04-29,,1.2020998,1.220018E+7,17.7097142857143,97.7978571428571,0,1,2,87.7940142857143,70.8411285714286,20.3358285714286,23.8874571428571,4894,,,,,1596263
2025-03-09,202511,15480.0,15335,,15224,1.0,126.88338,0,4,355030820251120207,2025-04-29,,1.1539761,1.220018E+7,19.7426285714286,98.1256714285714,1,1,2,85.8854428571429,64.4263285714286,22.4739428571429,26.5984714285714,4165,,,,,1596263
2025-03-02,202510,13784.0,13701,,13646,1.0,112.98194,0,4,355030820251020207,2025-04-29,,1.1005164,1.220018E+7,19.0180142857143,95.8084857142857,1,1,2,80.0648142857143,55.3735857142857,22.9250285714286,27.5685857142857,3378,,,,,1596263
2025-02-23,202509,13485.0,13439,,13419,1.0,110.53116,0,4,355030820250920207,2025-04-29,,1.2439829,1.220018E+7,19.9975857142857,98.4247571428571,1,1,2,82.3729714285714,57.0960285714286,23.7042285714286,28.1089285714286,2432,,,,,1596263
2025-02-16,202508,13282.0,13263,,13260,1.0,108.86725,0,4,355030820250820207,2025-04-29,,1.5334884,1.220018E+7,21.1382,94.9982571428571,1,1,2,81.2999571428571,64.2289714285714,24.3878714285714,28.4929,1989,,,,,1596263
2025-02-09,202507,11343.0,11343,,11343,1.0,92.97404,0,4,355030820250720207,2025-04-29,,1.6604965,1.220018E+7,19.7836428571429,96.3916428571429,1,1,2,80.9496714285714,58.6946,23.4858428571429,27.7953571428571,1606,,,,,1596263
2025-02-02,202506,8232.0,8232,8232.0,8232,1.0,67.47441,0,4,355030820250620207,2025-04-29,,1.4928111,1.220018E+7,19.9869,94.7312571428571,1,1,2,82.7849714285714,67.1579857142857,23.0364,26.5461142857143,1207,,,,,1596263
2025-01-26,202505,6591.0,6591,6591.0,6591,1.0,54.023792,0,4,355030820250520207,2025-04-29,,1.4685256,1.220018E+7,20.1319285714286,97.3112142857143,1,1,2,89.5419285714286,76.4665857142857,21.9659714285714,24.7312857142857,1041,,,,,1596263
2025-01-19,202504,5578.0,5578,5578.0,5578,1.0,45.72064,0,4,355030820250420207,2025-04-29,,1.5237211,1.220018E+7,21.0185142857143,93.3878,1,1,2,79.2042714285714,61.0183,24.5609428571429,28.6454714285714,867,,,,,1596263
2025-01-12,202503,4270.0,4270,4270.0,4270,1.0,34.999485,0,4,355030820250320207,2025-04-29,,1.4792134,1.220018E+7,17.9711714285714,96.0442714285714,0,1,2,84.5219,68.3923428571429,20.7257,24.3982285714286,690,,,,,1596263
2025-01-05,202502,3765.0,3765,3765.0,3765,1.0,30.8602,0,4,355030820250220207,2025-04-29,,1.6560215,1.220018E+7,18.0260428571429,97.4104571428571,1,1,2,87.053,70.8982285714286,20.5592142857143,24.3527571428571,746,,,,,1596263
2024-12-29,202501,2957.0,2957,2957.0,2957,1.0,24.237347,0,4,355030820250120207,2025-04-29,,1.4189069,1.220018E+7,18.9209,95.8770142857143,1,1,2,85.3183285714286,70.1748428571429,21.9553,25.7866714285714,584,,,,,1596263
2024-12-22,202452,1846.0,1846,1846.0,1846,1.2773324e-06,15.130924,0,4,355030820245220207,2025-04-29,,0.8614462,1.220018E+7,19.4051,97.3895714285714,1,0,2,89.5051714285714,77.8185714285714,21.3575714285714,23.8697857142857,304,,,,,1596263
2024-12-15,202451,2008.0,2008,2008.0,2008,0.008652987,16.458773,0,4,355030820245120207,2025-04-29,,0.9289158,1.220018E+7,18.4594285714286,94.6712857142857,1,0,2,80.1080428571429,58.7671857142857,21.7038142857143,26.0668285714286,268,,,,,1596263
2024-12-08,202450,2267.0,2267,2267.0,2267,0.9759626,18.581694,0,4,355030820245020207,2025-04-29,,1.0613993,1.220018E+7,18.4293571428571,97.5408428571429,1,1,2,87.1589714285714,71.8459,20.8281428571429,24.0049142857143,322,,,,,1596263
2024-12-01,202449,2197.0,2197,2197.0,2197,0.8580716,18.00793,0,4,355030820244920207,2025-04-29,,1.0331334,1.220018E+7,19.3592714285714,95.5157142857143,1,0,2,83.4740285714286,67.4892285714286,22.2500571428571,25.9495571428571,310,,,,,1596263
2024-11-24,202448,2059.0,2059,2059.0,2059,0.19379038,16.8768,0,4,355030820244820207,2025-04-29,,0.97360843,1.220018E+7,17.9135571428571,93.5195857142857,0,0,2,77.0310142857143,55.0478285714286,21.8794571428571,26.7455142857143,239,,,,,1596263
2024-11-17,202447,2236.0,2236,2236.0,2236,0.9166806,18.327599,0,4,355030820244720207,2025-04-29,,1.0426807,1.220018E+7,17.36,98.1584714285714,0,0,2,85.9900857142857,66.9887142857143,20.5269,24.5306428571429,258,,,,,1596263
2024-11-10,202446,2028.0,2028,2028.0,2028,0.0025925993,16.622705,0,4,355030820244620207,2025-04-29,,0.9176777,1.220018E+7,15.7281285714286,95.2521285714286,0,0,2,83.4762857142857,67.1612142857143,18.9363857142857,23.1816,284,,,,,1596263
2024-11-03,202445,2164.0,2164,2164.0,2164,0.029191755,17.737444,0,4,355030820244520207,2025-04-29,,0.9448516,1.220018E+7,18.8575428571429,97.4755571428571,1,0,2,89.5290285714286,79.0765714285714,20.6609714285714,23.0928428571429,258,,,,,1596263
2024-10-27,202444,2213.0,2213,2213.0,2213,0.009203052,18.139076,0,4,355030820244420207,2025-04-29,,0.9327313,1.220018E+7,16.1892,96.2369428571429,0,0,2,85.6001,67.2533285714286,18.9976428571429,23.1403285714286,266,,,,,1596263
2024-10-20,202443,2281.0,2281,2281.0,2281,0.0013513875,18.696445,0,4,355030820244320207,2025-04-29,,0.916763,1.220018E+7,18.693,94.8040857142857,1,0,2,84.1946428571429,68.6603571428572,21.6773857142857,25.5864142857143,282,,,,,1596263
2024-10-13,202442,2429.0,2429,2429.0,2429,1.9916073e-05,19.909542,0,4,355030820244220207,2025-04-29,,0.89176464,1.220018E+7,16.0614857142857,96.5111285714286,0,0,2,85.5132428571429,67.5561142857143,19.2589142857143,23.6082714285714,304,,,,,1596263
2024-10-06,202441,2371.0,2371,2371.0,2371,0.0,19.43414,0,4,355030820244120207,2025-04-29,,0.7895852,1.220018E+7,16.2011571428571,95.891,0,0,2,82.606,60.7564571428571,19.8005428571429,25.1224285714286,286,,,,,1596263
2024-09-29,202440,2665.0,2665,2665.0,2665,1.0462742e-12,21.84394,0,4,355030820244020207,2025-04-29,,0.8320428,1.220018E+7,16.4618857142857,92.9337,0,0,2,75.6368428571429,53.5323142857143,20.4042857142857,26.1151142857143,319,,,,,1596263
2024-09-22,202439,3189.0,3189,3189.0,3189,0.033675984,26.138958,0,4,355030820243920207,2025-04-29,,0.9557174,1.220018E+7,17.4451285714286,94.8061857142857,0,0,2,76.4841571428571,49.5876428571429,22.2024571428571,27.7765285714286,375,,,,,1596263
2024-09-15,202438,3116.0,3116,3116.0,3116,0.003984405,25.540607,0,4,355030820243820207,2025-04-29,,0.93602175,1.220018E+7,15.3938142857143,96.3387714285714,0,0,2,85.4188857142857,67.8887857142857,18.4101857142857,22.3166142857143,436,,,,,1596263
2024-09-08,202437,3480.0,3480,3480.0,3480,0.9964849,28.52417,0,4,355030820243720207,2025-04-29,,1.0678884,1.220018E+7,17.9883571428571,74.5202,0,1,2,51.9439,27.0077571428571,24.2559857142857,31.1107428571429,492,,,,,1596263
2024-09-01,202436,3492.0,3492,3492.0,3492,0.97406924,28.622528,0,4,355030820243620207,2025-04-29,,1.0482042,1.220018E+7,15.351,92.9676142857143,0,1,2,73.7476714285714,47.2364714285714,20.0367857142857,26.4482571428571,493,,,,,1596263
2024-08-25,202435,2993.0,2993,2993.0,2993,3.7125858e-13,24.532425,0,4,355030820243520207,2025-04-29,,0.8375033,1.220018E+7,10.0737142857143,95.6834,0,0,2,79.8374428571429,56.2538142857143,14.3449142857143,19.8894857142857,491,,,,,1596263
2024-08-18,202434,3447.0,3447,3447.0,3447,3.330558e-12,28.253681,0,4,355030820243420207,2025-04-29,,0.8530763,1.220018E+7,15.1412428571429,83.3321714285714,0,0,2,64.4570285714286,39.2586571428571,20.5782142857143,27.5685571428571,545,,,,,1596263
2024-08-11,202433,3318.0,3318,3318.0,3318,0.0,27.19632,0,4,355030820243320207,2025-04-29,,0.7004654,1.220018E+7,9.31614285714286,92.6705285714286,0,0,2,73.8701857142857,45.8389,14.8132714285714,21.6926,602,,,,,1596263
2024-08-04,202432,4075.0,4075,4075.0,4075,0.0,33.401146,0,4,355030820243220207,2025-04-29,,0.7232669,1.220018E+7,14.7797571428571,81.6735,0,0,2,67.1679,46.8776857142857,19.0615857142857,24.1067142857143,772,,,,,1596263
2024-07-28,202431,4478.0,4478,4478.0,4478,0.0,36.704376,0,4,355030820243120207,2025-04-29,,0.66704804,1.220018E+7,13.4472857142857,95.7940142857143,0,0,2,79.3181,53.3838285714286,17.4897142857143,22.8620142857143,944,,,,,1596263
2024-07-21,202430,5795.0,5795,5795.0,5795,0.0,47.4993,0,4,355030820243020207,2025-04-29,,0.67802596,1.220018E+7,11.4397142857143,91.0320571428571,0,0,2,72.8210714285714,42.5977,16.6753857142857,23.0661714285714,1370,,,,,1596263
2024-07-14,202429,6445.0,6445,6445.0,6445,0.0,52.82709,0,4,355030820242920207,2025-04-29,,0.53626454,1.220018E+7,12.7715428571429,97.0969142857143,0,0,2,84.7582,61.2467142857143,15.9121285714286,20.5523285714286,1641,,,,,1596263
2024-07-07,202428,7567.0,7567,7567.0,7567,0.0,62.023674,0,4,355030820242820207,2025-04-29,,0.43841258,1.220018E+7,13.7997285714286,98.3214142857143,0,0,2,89.8756,73.9050714285714,16.0353571428571,19.4666571428571,2245,,,,,1596263
2024-06-30,202427,10923.0,10923,,10923,0.0,89.53146,0,4,355030820242720207,2025-04-29,,0.47628778,1.220018E+7,12.5963142857143,90.5346428571429,0,0,2,75.6034857142857,52.8324285714286,16.3215142857143,21.2650571428571,3566,,,,,1596263
2024-06-23,202426,16685.0,16685,,16685,0.0,136.76028,0,4,355030820242620207,2025-04-29,,0.60526407,1.220018E+7,15.6760571428571,87.6663428571429,0,0,2,71.6065285714286,49.7097142857143,19.3043,24.0878,6334,,,,,1596263
2024-06-16,202425,24369.0,24369,,24369,0.0,199.74295,0,4,355030820242520207,2025-04-29,,0.7373267,1.220018E+7,13.1890571428571,82.6409714285714,0,0,2,64.2223571428571,37.2100714285714,18.3099428571429,24.8810857142857,9874,,,,,1596263
2024-06-09,202424,28141.0,28141,,28141,0.0,230.66054,0,4,355030820242420207,2025-04-29,,0.6439815,1.220018E+7,13.7142428571429,86.6277714285714,0,0,2,69.5076571428571,41.6297857142857,18.6734714285714,25.1644428571429,11743,,,,,1596263
2024-06-02,202423,29502.0,29502,,29502,0.0,241.8161,0,4,355030820242320207,2025-04-29,,0.49572828,1.220018E+7,13.4217428571429,96.6640428571429,0,0,2,82.1371714285714,57.2139571428571,17.1211,22.2475428571429,12816,,,,,1596263
2024-05-26,202422,39352.0,39352,,39352,0.0,322.5526,0,4,355030820242220207,2025-04-29,,0.5331614,1.220018E+7,12.3673857142857,96.5404571428572,0,0,2,85.7591714285714,68.2644142857143,14.9887571428571,18.4958285714286,22406,,,,,1596263
2024-05-19,202421,60553.0,60553,,60553,0.0,496.32874,0,4,355030820242120207,2025-04-29,,0.7552415,1.220018E+7,16.8284285714286,93.8019571428571,0,0,2,79.0264285714286,57.3171285714286,19.9020714285714,24.3220857142857,35735,,,,,1596263
2024-05-12,202420,79649.0,79649,,79649,0.3484408,652.851,0,4,355030820242020207,2025-04-29,,0.9980509,1.220018E+7,17.6125571428571,83.6494714285714,0,0,2,70.3686571428571,50.3004285714286,20.9364285714286,25.5338,49533,,,,,1596263
2024-05-05,202419,85352.0,85352,,85352,1.0,699.59625,0,4,355030820241920207,2025-04-29,,1.0790411,1.220018E+7,17.8141571428571,89.0655857142857,0,1,2,67.9595857142857,38.8140285714286,22.5804857142857,28.3775285714286,54044,,,,,1596263
2024-04-28,202418,78757.0,78757,,78757,8.824238e-05,645.5397,0,4,355030820241820207,2025-04-29,,0.98136467,1.220018E+7,18.6333571428571,86.0219571428571,1,0,2,68.3774,42.7210285714286,23.2536571428571,28.9355142857143,49434,,,,,1596263
2024-04-21,202417,76880.0,76880,,76880,2.220446e-16,630.15466,0,4,355030820241720207,2025-04-29,,0.95984054,1.220018E+7,17.0416428571429,95.1493714285714,0,0,2,78.7926571428571,53.9718857142857,21.1239285714286,26.1455428571429,46230,,,,,1596263
2024-04-14,202416,82490.0,82490,,82490,1.0,676.1376,0,4,355030820241620201,2025-04-23,,1.0715284,1.220018E+7,17.7892428571429,97.2410428571429,0,1,2,84.3332714285714,64.1071142857143,20.3915285714286,23.9938428571429,50564,,,,,1596263
2024-04-07,202415,82344.0,82344,,82344,1.0,674.94086,0,4,355030820241520193,2025-04-15,,1.128465,1.220018E+7,18.6330428571429,97.9029142857143,1,1,2,85.8335857142857,66.0451428571428,21.3152,25.1298285714286,51945,,,,,1596263
2024-03-31,202414,78598.0,78598,,78598,1.0,644.2364,0,4,355030820241420188,2025-04-10,,1.1515973,1.220018E+7,17.7392,98.4856428571429,0,1,2,82.6841428571429,55.3552571428571,21.7748857142857,26.6504714285714,44051,,,,,1596263
2024-03-24,202413,69904.0,69904,,69904,1.0,572.97516,0,4,355030820241320179,2025-04-01,,1.1716183,1.220018E+7,17.6934,98.2620857142857,0,1,2,89.3459285714286,73.6359428571429,19.9075857142857,23.0215714285714,42161,,,,,1596263
2024-03-17,202412,75293.0,75293,,75293,1.0,617.1466,0,4,355030820241220172,2025-03-25,,1.512851,1.220018E+7,20.5919428571429,95.0600714285714,1,1,2,85.6187,70.3534857142857,23.2472571428571,27.0746714285714,41577,,,,,1596263
2024-03-10,202411,58773.0,58773,,58773,1.0,481.7388,0,4,355030820241120165,2025-03-18,,1.4192461,1.220018E+7,20.0014571428571,96.9451857142857,1,1,2,83.1569857142857,61.9594,23.4642142857143,27.9191,27642,,,,,1596263
2024-03-03,202410,48834.0,48834,,48834,1.0,400.2728,0,4,355030820241020158,2025-03-11,,1.4268456,1.220018E+7,20.0053428571429,97.7146142857143,1,1,2,87.556,70.5288285714286,22.5772285714286,26.2404428571429,21530,,,,,1596263
2024-02-25,202409,41390.0,41390,,41390,1.0,339.2573,0,4,355030820240920154,2025-03-07,,1.507591,1.220018E+7,20.6443285714286,96.7646,1,1,2,86.8928,71.7572714285714,23.2886571428571,26.7007428571429,16051,,,,,1596263
2024-02-18,202408,34453.0,34453,,34453,1.0,282.39746,0,4,355030820240820145,2025-02-26,,1.6444314,1.220018E+7,19.2950285714286,97.1115142857143,1,1,2,87.3454285714286,73.1998428571429,22.1362571428571,25.7110428571429,12574,,,,,1596263
2024-02-11,202407,27328.0,27328,,27328,1.0,223.99669,0,4,355030820240720137,2025-02-18,,1.8807931,1.220018E+7,19.9242285714286,95.0079142857143,1,1,2,82.5217714285714,65.2334,22.6387428571429,26.2082428571429,9393,,,,,1596263
2024-02-04,202406,21282.0,21282,,21282,1.0,174.44005,0,4,355030820240620130,2025-02-11,,2.3904967,1.220018E+7,19.0374571428571,97.3732571428571,1,1,2,81.5217857142857,57.7614428571429,23.0938,27.6594,6260,,,,,1596263
2024-01-28,202405,14792.0,14792,,14792,1.0,121.24411,0,4,355030820240520123,2025-02-04,,2.7955518,1.220018E+7,18.3783571428571,97.7904285714286,1,1,2,85.3649428571429,67.8553571428571,21.6524714285714,25.8388428571429,4100,,,,,1596263
2024-01-21,202404,7176.0,7176,7176.0,7176,1.0,58.818806,0,4,355030820240420117,2025-01-29,,2.1031117,1.220018E+7,17.4211142857143,97.1069428571429,0,1,2,90.1875428571429,81.4696857142857,19.3020428571429,21.6780285714286,2913,,,,,1596263
2024-01-14,202403,4675.0,4675,4675.0,4675,1.0,38.319107,0,4,355030820240320109,2025-01-21,,2.064194,1.220018E+7,21.1701142857143,93.2061285714286,1,1,2,79.7587142857143,62.4540428571429,24.5707714285714,28.8963428571429,1880,,,,,1596263
2024-01-07,202402,3107.0,3107,3107.0,3107,1.0,25.466837,0,4,355030820240220096,2025-01-08,,2.2353582,1.220018E+7,20.5410857142857,94.3294142857143,1,1,2,80.6932142857143,62.5424142857143,23.7900857142857,27.4592428571429,1285,,,,,1596263
2023-12-31,202401,2456.0,2456,2456.0,2456,1.0,20.13085,0,2,355030820240120096,2025-01-08,,2.5395546,1.220018E+7,18.4411857142857,96.0780571428571,1,1,2,83.7020428571429,66.7354,21.2259285714286,24.8599,983,,,,,1596263
2023-12-24,202352,942.0,942,942.0,942,0.83108586,7.7211976,0,2,355030820235220088,2024-12-31,,1.0456612,1.220018E+7,19.4519571428571,93.2132571428571,1,0,1,75.5190857142857,55.7291285714286,23.4070857142857,28.0943714285714,407,,,,,1596263
2023-12-17,202351,815.0,815,815.0,815,0.010363681,6.680229,0,2,355030820235120081,2024-12-24,,0.8945785,1.220018E+7,19.4493428571429,97.3486,1,0,1,81.9362857142857,57.2738428571429,22.8381,27.4460571428571,319,,,,,1596263
2023-12-10,202350,938.0,938,938.0,938,0.92913073,7.688411,0,3,355030820235020074,2024-12-17,,1.0714502,1.220018E+7,18.2322714285714,97.1943857142857,1,0,1,82.8322714285714,59.7535142857143,21.8778,26.7000714285714,266,,,,,1596263
2023-12-03,202349,931.0,931,931.0,931,0.99911696,7.631035,0,3,355030820234920067,2024-12-10,,1.1623594,1.220018E+7,20.0112142857143,95.9553571428571,1,1,1,83.3041,64.5457428571429,23.1594428571429,27.1030142857143,191,,,,,1596263
2023-11-26,202348,920.0,920,920.0,920,0.99999595,7.5408726,0,3,355030820234820060,2024-12-03,,1.2458463,1.220018E+7,18.7010428571429,96.2237571428571,1,1,1,84.9735857142857,66.6887,21.9635571428571,26.3292428571429,157,,,,,1596263
2023-11-19,202347,790.0,790,790.0,790,0.98392177,6.475314,0,1,355030820234720056,2024-11-29,,1.1171666,1.220018E+7,18.8198142857143,95.4581,1,1,1,84.6813714285714,70.2423,21.3458857142857,24.2577,154,,,,,1596263
2023-11-12,202346,700.0,700,700.0,700,0.5545841,5.7376204,0,1,355030820234620046,2024-11-19,,1.0073748,1.220018E+7,21.7150857142857,88.2509571428571,1,0,1,66.5729,37.0076142857143,26.6449,33.4959571428571,122,,,,,1596263
2023-11-05,202345,747.0,747,747.0,747,0.8554394,6.1228604,0,1,355030820234520039,2024-11-12,,1.0571773,1.220018E+7,15.9571,91.8677571428571,0,0,1,73.7184142857143,49.2739571428571,20.7874857142857,27.4407857142857,117,,,,,1596263
2023-10-29,202344,633.0,633,633.0,633,0.0125154415,5.188448,0,1,355030820234420032,2024-11-05,,0.8850276,1.220018E+7,18.9398142857143,94.9034142857143,1,0,1,82.6991428571429,64.8747142857143,21.6154857142857,25.3285,82,,,,,1596263
2023-10-22,202343,754.0,754,754.0,754,0.6884236,6.180237,0,1,355030820234320026,2024-10-30,,1.0257891,1.220018E+7,17.7493714285714,95.7368285714286,0,0,1,82.8218,63.6740428571429,21.0893142857143,26.1602142857143,101,,,,,1596263
2023-10-15,202342,707.0,707,707.0,707,0.08363989,5.7949963,0,1,355030820234220019,2024-10-23,,0.93042094,1.220018E+7,16.2817571428571,96.1909428571429,0,0,1,87.5496285714286,72.9439571428571,18.7132142857143,22.6687571428571,93,,,,,1596263
2023-10-08,202341,691.0,691,691.0,691,0.05725463,5.663851,0,1,355030820234120012,2024-10-16,,0.92022437,1.220018E+7,17.0515428571429,96.4532714285714,0,0,1,86.6913142857143,71.1116142857143,19.5641,23.5120571428571,71,,,,,1596263
2023-10-01,202340,850.0,850,850.0,850,0.99949497,6.96711,0,1,355030820234020005,2024-10-09,,1.1808081,1.220018E+7,17.7808857142857,96.4092142857143,0,1,1,85.5426714285714,68.5868142857143,21.1125857142857,26.2828285714286,119,,,,,1596263
2023-09-24,202339,703.0,703,703.0,703,0.8753903,5.76221,0,3,355030820233919998,2024-10-02,,1.0643944,1.220018E+7,17.2815857142857,95.1000714285714,0,0,1,77.9120285714286,56.2209857142857,21.4322714285714,27.1981714285714,96,,,,,1596263
2023-09-17,202338,784.0,784,784.0,784,0.99999905,6.4261346,0,3,355030820233819990,2024-09-24,,1.2921877,1.220018E+7,17.3917857142857,89.1397571428571,0,1,1,68.1814428571429,37.8676428571429,23.0671142857143,30.5214285714286,108,,,,,1596263
2023-09-10,202337,650.0,650,650.0,650,0.957988,5.3277903,0,1,355030820233719984,2024-09-18,,1.1031722,1.220018E+7,15.2966428571429,90.0832,0,1,1,70.5542428571429,42.5773142857143,20.3443714285714,27.2457714285714,94,,,,,1596263
2023-09-03,202336,571.0,571,571.0,571,0.28960398,4.6802588,0,1,355030820233619979,2024-09-13,,0.96798193,1.220018E+7,16.7229857142857,93.5932714285714,0,0,1,77.0685857142857,54.3378857142857,20.7415428571429,26.1458857142857,70,,,,,1596263
2023-08-27,202335,597.0,597,597.0,597,0.5538901,4.8933706,0,1,355030820233519969,2024-09-03,,1.007886,1.220018E+7,12.1782571428571,95.5398571428571,0,0,1,82.5919857142857,60.3040571428571,15.9338428571429,21.4897,57,,,,,1596263
2023-08-20,202334,591.0,591,591.0,591,0.5116484,4.8441906,0,1,355030820233419962,2024-08-27,,1.0017004,1.220018E+7,16.2878428571429,82.0817142857143,0,0,1,66.6533714285714,47.3629714285714,20.2086571428571,25.5547714285714,81,,,,,1596263
2023-08-13,202333,593.0,593,593.0,593,0.7214722,4.8605843,0,1,355030820233319956,2024-08-21,,1.0349828,1.220018E+7,15.6612714285714,91.3132714285714,0,0,1,77.3231,56.5269,18.8150857142857,23.4179428571429,85,,,,,1596263
2023-08-06,202332,605.0,605,605.0,605,0.93905705,4.9589434,0,1,355030820233219949,2024-08-14,,1.0952182,1.220018E+7,15.1955285714286,90.8966571428571,0,0,1,73.4848857142857,45.8993142857143,19.1621571428571,25.5654285714286,76,,,,,1596263
2023-07-30,202331,587.0,587,587.0,587,0.7235393,4.811404,0,1,355030820233119941,2024-08-06,,1.0355449,1.220018E+7,12.4073428571429,95.8009,0,0,1,77.6939,43.8733142857143,17.1616857142857,24.7207285714286,92,,,,,1596263
2023-07-23,202330,533.0,533,533.0,533,0.0012401796,4.368788,0,1,355030820233019934,2024-07-30,,0.83757204,1.220018E+7,13.6395428571429,92.0808714285714,0,0,1,74.0196285714286,45.3073571428571,18.0507857142857,24.2536,73,,,,,1596263
2023-07-16,202329,528.0,528,528.0,528,2.9553004e-10,4.327805,0,1,355030820232919928,2024-07-24,,0.70527786,1.220018E+7,12.8532714285714,94.7715571428571,0,0,1,83.2170285714286,61.8073571428571,15.9341,20.7489142857143,80,,,,,1596263
2023-07-09,202328,628.0,628,628.0,628,1.0538792e-11,5.147465,0,1,355030820232819919,2024-07-15,,0.7071297,1.220018E+7,14.4030428571429,88.6919428571429,0,0,1,73.5174571428571,47.7911714285714,17.5535,22.2124428571429,98,,,,,1596263
2023-07-02,202327,727.0,727,727.0,727,2.7888802e-13,5.9589286,0,1,355030820232719913,2024-07-09,0,0.70701426,1.220018E+7,14.4285714285714,78.9327908571428,0,0,1,75.6476341428571,72.2852871428571,15.25,16,99,,,,,1596263
2023-06-25,202326,892.0,892,892.0,892,1.0650687e-09,7.3113675,0,1,355030820232619905,2024-07-01,0,0.76699734,1.220018E+7,18.4285714285714,72.2878577142857,1,0,1,70.1978318571429,67.8325375714286,18.8116882857143,19.2857142857143,154,,,,,1596263
2023-06-18,202325,1053.0,1053,1053.0,1053,1.9279334e-10,8.631021,0,1,355030820232519898,2024-06-24,0,0.77425045,1.220018E+7,14.8571428571429,81.3490735714286,0,0,1,78.4202214285714,74.0854094285714,15.4523808571429,16.1428571428571,176,,,,,1596263
2023-06-11,202324,1148.0,1148,1148.0,1148,0.0,9.409698,0,1,355030820232419884,2024-06-10,,0.6745911,1.220018E+7,13.3478,93.1383857142857,0,0,1,84.1892714285714,69.8617142857143,15.7989,19.0970285714286,277,,,,,1596263
2023-06-04,202323,1254.0,1254,1254.0,1254,0.0,10.278537,0,1,355030820232319884,2024-06-10,,0.5827505,1.220018E+7,11.8343142857143,93.4303285714286,0,0,1,76.1186,44.5206428571429,16.6844714285714,23.6166857142857,273,,,,,1596263
2023-05-28,202322,1628.0,1628,1628.0,1628,0.0,13.344066,0,4,355030820232219877,2024-06-03,0,0.63560224,1.220018E+7,16.1481481481481,89.1444240740741,0,0,1,86.9922665925926,84.2552811111111,16.4713804444444,16.7407407407407,389,,,,,1596263
2023-05-21,202321,2183.0,2183,2183.0,2183,0.0,17.893179,0,4,355030820232119870,2024-05-27,0,0.77423304,1.220018E+7,15.6666666666667,89.0689558095238,0,0,2,75.1555209047619,55.0049813809524,18.4900793809524,21.6666666666667,457,,,,,1596263
2023-05-14,202320,2689.0,2689,2689.0,2689,0.0087734675,22.040659,0,4,355030820232019863,2024-05-20,0,0.9382454,1.220018E+7,13.9565217391304,85.9951169565217,0,0,2,79.2346392173913,67.2094385217391,15.3333332173913,17.6521739130435,799,,,,,1596263
2023-05-07,202319,2855.0,2855,2855.0,2855,0.9396056,23.401295,0,4,355030820231919856,2024-05-13,0,1.0423611,1.220018E+7,18,89.8527071428571,0,0,2,87.1094934285714,81.2137785714286,18.4642857142857,19.5714285714286,972,,,,,1596263
2023-04-30,202318,3146.0,3146,3146.0,3146,1.0,25.786505,0,4,355030820231819849,2024-05-06,0,1.1653546,1.220018E+7,19.1428571428571,91.5683005714286,1,1,2,89.105104,87.6181462857143,19.5324674285714,19.8571428571429,958,,,,,1596263
2023-04-23,202317,2570.0,2570,2570.0,2570,0.008897402,21.065264,0,4,355030820231719842,2024-04-29,0,0.9370307,1.220018E+7,16.3636363636364,92.7699859090909,0,0,2,79.297976,52.836236,19.0719697272727,23.5909090909091,887,,,,,1596263
2023-04-16,202316,2574.0,2574,2574.0,2574,0.031613108,21.09805,0,4,355030820231619835,2024-04-22,0,0.9501661,1.220018E+7,16.4285714285714,92.1804457142857,0,0,2,75.7383111428571,50.8028415714286,19.3809521428571,24,962,,,,,1596263
2023-04-09,202315,3018.0,3018,3018.0,3018,0.99999803,24.737339,0,4,355030820231519828,2024-04-15,0,1.1302772,1.220018E+7,17.8571428571429,93.0836877142857,0,1,2,79.9696221428571,57.9606898571429,20.5227737142857,24.8571428571429,1023,,,,,1596263
2023-04-02,202314,2544.0,2544,2544.0,2544,0.4207737,20.852152,0,4,355030820231419821,2024-04-08,0,0.9944186,1.220018E+7,17.5714285714286,92.2689082857143,0,0,2,81.6239428571429,62.483194,19.9464282857143,24,914,,,,,1596263
2023-03-26,202313,2757.0,2757,2757.0,2757,1.0,22.598028,0,4,355030820231319815,2024-04-02,0,1.20432,1.220018E+7,20.3076923076923,86.3541609230769,1,1,2,77.3192041538462,62.2738027692308,22.0595236923077,24.4615384615385,852,,,,,1596263
2023-03-19,202312,2724.0,2724,2724.0,2724,1.0,22.32754,0,4,355030820231219809,2024-03-27,0,1.3866495,1.220018E+7,19.8571428571429,87.5819271428571,1,1,2,75.4023978571429,53.904714,22.7440474285714,26.7142857142857,700,,,,,1596263
2023-03-12,202311,2293.0,2293,2293.0,2293,1.0,18.794806,0,4,355030820231119801,2024-03-19,0,1.3721675,1.220018E+7,20.1481481481481,91.0512692592593,1,1,2,89.64497,88.6491818518518,20.4320986666667,20.7407407407407,504,,,,,1596263
2023-03-05,202310,1936.0,1936,1936.0,1936,1.0,15.868618,0,3,355030820231019795,2024-03-13,0,1.345746,1.220018E+7,21.4285714285714,82.422247,1,1,2,80.1404651428571,77.5561068571429,21.8857142857143,22.4285714285714,407,,,,,1596263
2023-02-26,202309,1703.0,1703,1703.0,1703,1.0,13.958811,0,3,355030820230919787,2024-03-05,0,1.2980292,1.220018E+7,22.2857142857143,80.8571007142857,1,1,2,79.6172434285714,77.9788222857143,22.4714285714286,22.5714285714286,348,,,,,1596263
2023-02-19,202308,1335.0,1335,1335.0,1335,0.9695235,10.942462,0,3,355030820230819780,2024-02-27,0,1.0766646,1.220018E+7,19.6296296296296,92.7731431111111,1,1,1,83.218588,64.0791351851852,21.5371712592593,25.2962962962963,242,,,,,1596263
2023-02-12,202307,1294.0,1294,1294.0,1294,0.99898696,10.6064005,0,3,355030820230719774,2024-02-21,0,1.1333454,1.220018E+7,22.7727272727273,79.9244554545455,1,1,1,78.1360109090909,75.8289790909091,23.0454545454545,23.3181818181818,210,,,,,1596263
2023-02-05,202306,1291.0,1291,1291.0,1291,1.0,10.581811,0,3,355030820230619768,2024-02-15,0,1.2677718,1.220018E+7,21.5714285714286,83.9002528571429,1,1,1,83.15482,82.4301385714286,21.6190477142857,21.7142857142857,179,,,,,1596263
2023-01-29,202305,1157.0,1157,1157.0,1157,1.0,9.387247,0,3,355030820230519760,2024-02-07,0,1.3055737,12325232,21.2857142857143,88.5931937142857,1,1,1,83.7916262857143,75.5629297142857,22.1369045714286,23.7142857142857,195,,,,,1596263
2023-01-22,202304,1008.0,1008,1008.0,1008,1.0,8.178345,0,3,355030820230419752,2024-01-30,0,1.378222,12325232,21.7142857142857,76.484451,1,1,1,76.2450814285714,76.005712,21.8571428571429,22,150,,,,,1596263
2023-01-15,202303,927.0,927,927.0,927,1.0,7.521157,0,3,355030820230319748,2024-01-26,0,1.75663,12325232,22.2857142857143,82.3095042857143,1,1,1,82.3095042857143,82.3095042857143,22.2857142857143,22.2857142857143,134,,,,,1596263
2023-01-08,202302,720.0,720,720.0,720,1.0,5.841675,0,3,355030820230219748,2024-01-26,0,2.5183942,12325232,19.2857142857143,90.2450977142857,1,1,1,83.7140311428571,71.5609658571429,20.9880954285714,23.8571428571429,127,,,,,1596263
2023-01-01,202301,640.0,640,640.0,640,1.0,5.1926003,0,1,355030820230119741,2024-01-19,0,4.5955157,12325232,18.5714285714286,89.9196377142857,1,1,1,81.044086,66.2386978571429,20.184524,22.8571428571429,139,,,,,1596263
2022-12-25,202252,180.0,180,180.0,180,0.9750892,1.4604187,0,1,355030820225219734,2024-01-12,0,1.2436646,12325232,19.6666666666667,88.2418733333333,1,0,0,80.1440316666667,67.4832833333333,21.2949493333333,23.6666666666667,52,,,,,1596263
2022-12-18,202251,38.0,38,38.0,38,0.0,0.30831063,0,1,355030820225119718,2023-12-27,0,0.16499694,12325232,18,91.035042,0,0,0,80.622082,63.3847065,19.147436,22.5,68,,,,,1596263
2022-12-11,202250,101.0,101,101.0,101,0.0,0.8194572,0,2,355030820225019718,2023-12-27,0,0.35178253,12325232,18.3333333333333,88.4892376666667,1,0,0,75.6094333333333,57.5523096666667,21.0694446666667,25.3333333333333,61,,,,,1596263
2022-12-04,202249,278.0,278,278.0,278,0.10774338,2.2555356,0,1,355030820224919708,2023-12-17,0,0.90273,12325232,19.1428571428571,91.6822511428571,1,0,1,75.9806321428571,53.2343777142857,22.6147185714286,27.4285714285714,63,,,,,1596263
2022-11-27,202248,321.0,321,321.0,321,0.4329727,2.6044135,0,1,355030820224819685,2023-11-24,0,0.9868155,12325232,18.2857142857143,94.8157011428572,1,0,1,80.9073414285714,54.2475387142857,20.8452377142857,25.8571428571429,74,,,,,1596263
2022-11-20,202247,284.0,284,284.0,284,0.01045296,2.3042161,0,1,355030820224719685,2023-11-24,0,0.8311519,12325232,17.2857142857143,91.4323042857143,0,0,1,79.6300094285714,60.2814461428571,19.4424601428571,23.4285714285714,45,,,,,1596263
2022-11-13,202246,353.0,353,353.0,353,0.1836171,2.8640435,0,1,355030820224619685,2023-11-24,0,0.9354676,12325232,17.1428571428571,83.8348121428571,0,0,1,69.153664,47.3139367142857,19.9821428571429,24.5714285714286,49,,,,,1596263
2022-11-06,202245,317.0,317,317.0,317,2.7978851e-05,2.5719597,0,1,355030820224519685,2023-11-24,0,0.7430635,12325232,14.4285714285714,92.8879777142857,0,0,1,78.7333964285714,54.8463838571429,17.2479902857143,22.4285714285714,42,,,,,1596263
2022-10-30,202244,364.0,364,364.0,364,0.0005965282,2.9532912,0,1,355030820224419685,2023-11-24,0,0.79704416,12325232,13.8571428571429,92.0739585714286,0,0,1,80.1952671428571,62.768135,16.811812,20.2857142857143,50,,,,,1596263
2022-10-23,202243,449.0,449,449.0,449,0.537959,3.6429334,0,3,355030820224319685,2023-11-24,0,1.0063875,12325232,17.4285714285714,87.4866728571429,0,0,1,71.7044725714286,48.3137605714286,20.8785714285714,26,49,,,,,1596263
2022-10-16,202242,473.0,473,473.0,473,0.9956377,3.837656,0,3,355030820224219685,2023-11-24,0,1.195094,12325232,17.1428571428571,93.9195085714286,0,1,1,80.5350264285714,57.6343427142857,19.9918575714286,24.5714285714286,60,,,,,1596263
2022-10-09,202241,482.0,482,482.0,482,0.9999995,3.910677,0,3,355030820224119685,2023-11-24,0,1.4108356,12325232,17.1428571428571,94.0348857142857,0,1,1,82.6427698571429,61.3829822857143,19.7372818571429,24.5714285714286,63,,,,,1596263
2022-10-02,202240,401.0,401,401.0,401,0.9997273,3.2534885,0,1,355030820224019685,2023-11-24,0,1.297509,12325232,15.7142857142857,95.65357,0,1,1,81.1669262857143,56.5512915714286,18.1309522857143,22.2857142857143,56,,,,,1596263
2022-09-25,202239,308.0,308,308.0,308,0.7706014,2.4989388,0,1,355030820223919685,2023-11-24,0,1.062438,12325232,13.4285714285714,99.1132242857143,0,0,1,91.0231465714286,80.058528,15.1021062857143,17.7142857142857,39,,,,,1596263
2022-09-18,202238,332.0,332,332.0,332,0.9739308,2.6936612,0,1,355030820223819685,2023-11-24,0,1.1695755,12325232,12.4285714285714,93.0171114285714,0,1,1,79.7582277142857,58.0494157142857,15.3284632857143,19.1428571428571,34,,,,,1596263
2022-09-11,202237,259.0,259,259.0,259,0.11775733,2.1013803,0,1,355030820223719685,2023-11-24,0,0.9034335,12325232,13.1428571428571,96.39203,0,0,1,88.4796778571429,74.4615808571429,14.8739647142857,17.4285714285714,22,,,,,1596263
2022-09-04,202236,307.0,307,307.0,307,0.5370788,2.4908254,0,1,355030820223619685,2023-11-24,0,1.0075499,12325232,14.1428571428571,91.04171,0,0,1,73.4112105714286,50.2354967142857,17.6964287142857,23.1428571428571,24,,,,,1596263
2022-08-28,202235,257.0,257,257.0,257,0.0012256376,2.0851533,0,1,355030820223519685,2023-11-24,0,0.7781691,12325232,12.2857142857143,89.8423448571428,0,0,1,77.6467881428571,59.6294367142857,14.5830084285714,18.4285714285714,33,,,,,1596263
2022-08-21,202234,317.0,317,317.0,317,0.020396363,2.5719597,0,1,355030820223419685,2023-11-24,0,0.8554152,12325232,14.1428571428571,88.8279157142857,0,0,1,74.4113322857143,49.4660064285714,16.7728935714286,20.8571428571429,33,,,,,1596263
2022-08-14,202233,326.0,326,326.0,326,8.31819e-05,2.6449807,0,1,355030820223319685,2023-11-24,0,0.7594504,12325232,13.7142857142857,79.7119382857143,0,0,1,65.2860874285714,44.9388708571429,16.9574571428571,22.1428571428571,28,,,,,1596263
2022-08-07,202232,343.0,343,343.0,343,1.2406225e-07,2.7829092,0,1,355030820223219685,2023-11-24,0,0.6977658,12325232,13,97.2922385714286,0,0,1,83.5908451428571,58.9106845714286,15.5773808571429,19.1428571428571,34,,,,,1596263
2022-07-31,202231,453.0,453,453.0,453,0.000314077,3.6753871,0,1,355030820223119685,2023-11-24,0,0.80638087,12325232,13.4285714285714,89.2230305714286,0,0,1,74.4846101428571,55.5952494285714,16.3819727142857,2E+1,58,,,,,1596263
2022-07-24,202230,473.0,473,473.0,473,2.567316e-07,3.837656,0,1,355030820223019685,2023-11-24,0,0.7388926,12325232,14.7142857142857,86.1586335714286,0,0,1,66.4929274285714,42.5373368571429,18.2438377142857,23,77,,,,,1596263
2022-07-17,202229,566.0,566,566.0,566,1.8303615e-06,4.5922055,0,1,355030820222919685,2023-11-24,0,0.7726412,12325232,15.4285714285714,89.1442942857143,0,0,1,70.6477472857143,46.6194382857143,18.769841,23.5714285714286,77,,,,,1596263
2022-07-10,202228,639.0,639,639.0,639,1.4749486e-08,5.1844864,0,1,355030820222819685,2023-11-24,0,0.74937516,12325232,16,79.4786675714286,0,0,1,64.0165518571429,48.732711,18.729261,22.5714285714286,90,,,,,1596263
2022-07-03,202227,715.0,715,715.0,715,8.027801e-12,5.801108,0,1,355030820222719685,2023-11-24,0,0.7202125,12325232,15,72.7367957142857,0,0,1,53.562609,32.8590614285714,19.7211402857143,24.7142857142857,82,,,,,1596263
2022-06-26,202226,834.0,834,834.0,834,2.3758773e-14,6.766607,0,1,355030820222619685,2023-11-24,0,0.71240985,12325232,13.1428571428571,86.3134857142857,0,0,1,71.2391284285714,45.8378247142857,16.7377448571429,22.1428571428571,107,,,,,1596263
2022-06-19,202225,1026.0,1026,1026.0,1026,0.0,8.324387,0,1,355030820222519685,2023-11-24,0,0.7005546,12325232,14.4285714285714,86.4656314285714,0,0,1,71.4602391428571,54.0736834285714,17.6785712857143,21.8571428571429,105,,,,,1596263
2022-06-12,202224,1070.0,1070,1070.0,1070,0.0,8.681378,0,1,355030820222419685,2023-11-24,0,0.57553285,12325232,10.5714285714286,90.9898825714286,0,0,1,70.9805504285714,46.314708,14.4226191428571,19.2857142857143,181,,,,,1596263
2022-06-05,202223,1398.0,1398,1398.0,1398,0.0,11.342586,0,4,355030820222319685,2023-11-24,0,0.6192594,12325232,14.2857142857143,93.7855971428571,0,0,1,86.2488192857143,72.8647721428571,16.0801021428571,19.1428571428571,191,,,,,1596263
2022-05-29,202222,1881.0,1881,1881.0,1881,0.0,15.261376,0,4,355030820222219685,2023-11-24,0,0.69793403,12325232,15,91.8055814285714,0,0,2,81.114368,66.0592777142857,17.2040814285714,20.5714285714286,311,,,,,1596263
2022-05-22,202221,2336.0,2336,2336.0,2336,0.0,18.95299,0,4,355030820222119685,2023-11-24,0,0.7394135,12325232,13.1428571428571,82.4812522857143,0,0,2,63.3984492857143,36.798048,17.5595235714286,23.1428571428571,449,,,,,1596263
2022-05-15,202220,2433.0,2433,2433.0,2433,0.0,19.739994,0,4,355030820222019685,2023-11-24,0,0.73454666,12325232,10.7142857142857,87.7613414285714,0,0,2,73.280315,50.3428991428571,13.6011905714286,17.4285714285714,764,,,,,1596263
2022-05-08,202219,3522.0,3522,3522.0,3522,1.0,28.575527,0,4,355030820221919685,2023-11-24,0,1.154211,12325232,14.5714285714286,92.93907,0,1,2,80.704357,60.5228818571429,17.2385532857143,21.7142857142857,1284,,,,,1596263
2022-05-01,202218,3538.0,3538,3538.0,3538,1.0,28.705341,0,4,355030820221819685,2023-11-24,0,1.3860627,12325232,16,91.3534291428571,0,1,2,77.547775,60.6864844285714,18.4642621428571,21.8571428571429,1669,,,,,1596263
2022-04-24,202217,3177.0,3177,3177.0,3177,1.0,25.776392,0,4,355030820221719685,2023-11-24,0,1.5644785,12325232,18.1428571428571,89.0871651428571,1,1,2,70.6984428571429,47.6630534285714,21.7348482857143,26.7142857142857,1362,,,,,1596263
2022-04-17,202216,2587.0,2587,2587.0,2587,1.0,20.989464,0,3,355030820221619685,2023-11-24,0,1.6088557,12325232,15,88.7105128571429,0,1,2,73.6030064285714,48.3932964285714,18.5401137142857,23.7142857142857,1259,,,,,1596263
2022-04-10,202215,1935.0,1935,1935.0,1935,1.0,15.699502,0,3,355030820221519685,2023-11-24,0,1.5276779,12325232,17.1428571428571,91.4738214285714,0,1,2,78.889063,57.7901121428571,19.5345241428571,23.7142857142857,967,,,,,1596263
2022-04-03,202214,1608.0,1608,1608.0,1608,1.0,13.046408,0,3,355030820221419685,2023-11-24,0,1.6356745,12325232,18.2857142857143,92.3249148571429,1,1,1,83.1178082857143,62.0928385714286,20.2652595714286,24.8571428571429,720,,,,,1596263
2022-03-27,202213,1257.0,1257,1257.0,1257,1.0,10.198591,0,3,355030820221319685,2023-11-24,0,1.6289206,12325232,18.2857142857143,94.0783108571429,1,1,1,83.0694048571429,65.4646385714286,20.5757291428571,24.5714285714286,548,,,,,1596263
2022-03-20,202212,946.0,946,946.0,946,1.0,7.675312,0,3,355030820221219685,2023-11-24,0,1.5216984,12325232,18.2857142857143,86.8792114285714,1,1,1,74.6737044285714,53.6717172857143,21.32568,26.1428571428571,412,,,,,1596263
2022-03-13,202211,738.0,738,738.0,738,1.0,5.9877167,0,3,355030820221119685,2023-11-24,0,1.4933829,12325232,20.5714285714286,92.515468,1,1,1,82.5428657142857,64.2908401428571,22.4420067142857,26.5714285714286,305,,,,,1596263
2022-03-06,202210,627.0,627,627.0,627,1.0,5.0871253,0,3,355030820221019685,2023-11-24,0,1.6150618,12325232,20.2857142857143,90.2492371428571,1,1,1,73.4047735714286,46.9287284285714,23.7083334285714,29.4285714285714,278,,,,,1596263
2022-02-27,202209,504.0,504,504.0,504,1.0,4.0891724,0,2,355030820220919685,2023-11-24,0,1.5248289,12325232,19.4285714285714,91.679402,1,1,1,72.7857015714286,43.4716235714286,23.7428572857143,3E+1,169,,,,,1596263
2022-02-20,202208,342.0,342,342.0,342,0.9009618,2.7747955,0,1,355030820220819685,2023-11-24,0,1.1061354,12325232,19.4285714285714,87.5426471428571,1,0,1,70.1653585714286,41.4944012857143,23.434524,29.8571428571429,111,,,,,1596263
2022-02-13,202207,322.0,322,322.0,322,0.7217858,2.612527,0,1,355030820220719685,2023-11-24,0,1.047984,12325232,18.2857142857143,91.4899334285714,1,0,1,77.8302368571429,54.2626415714286,21.0416665714286,26,80,,,,,1596263
2022-02-06,202206,310.0,310,310.0,310,0.345086,2.5151656,0,1,355030820220619685,2023-11-24,0,0.9687546,12325232,18,89.0437242857143,0,0,1,79.8654111428571,65.8430674285714,20.3333331428571,23.7142857142857,76,,,,,1596263
2022-01-30,202205,289.0,289,289.0,289,0.109289005,2.3447835,0,2,355030820220519685,2023-11-24,0,0.90505505,12325232,19.5714285714286,93.2538042857143,1,0,1,83.3359351428571,66.655779,21.6134041428571,25.1428571428571,56,,,,,1596263
2022-01-23,202204,325.0,325,325.0,325,0.9278281,2.6368673,0,2,355030820220419685,2023-11-24,0,1.1250875,12325232,20.4285714285714,90.9157457142857,1,0,1,79.0527685714286,58.2939284285714,22.7029475714286,27.2857142857143,74,,,,,1596263
2022-01-16,202203,366.0,366,366.0,366,1.0,2.9695182,0,2,355030820220319685,2023-11-24,0,1.5950388,12325232,19.5714285714286,88.3839991428571,1,1,1,73.8189322857143,46.0217605714286,22.9982495714286,29.1428571428571,69,,,,,1596263
2022-01-09,202202,253.0,253,253.0,253,0.9999981,2.0526998,0,2,355030820220219685,2023-11-24,0,1.5847162,12325232,18.4285714285714,95.77835,1,0,0,86.5631422857143,66.2054661428571,20.3511905714286,24.5714285714286,43,,,,,1596263
2022-01-02,202201,327.0,327,327.0,327,1.0,2.653094,0,1,355030820220119685,2023-11-24,0,1.8342912,12325232,19.1428571428571,93.9679091428571,1,1,1,83.2013472857143,65.1473651428571,21.3396358571429,24.7142857142857,66,,,,,1596263
2021-12-26,202152,38.0,38,38.0,38,0.0,0.30831063,0,1,355030820215219685,2023-11-24,0,0.14329587,12325232,18.2857142857143,90.6778805714286,1,0,0,76.9921314285714,59.7655425714286,20.8964984285714,24.7142857142857,12,,,,,1596263
2021-12-19,202151,137.0,137,137.0,137,0.0,1.1115409,0,1,355030820215119685,2023-11-24,0,0.4378274,12325232,16.5714285714286,90.5806605714286,0,0,0,77.0482344285714,58.0089128571429,19.3434262857143,23.4285714285714,36,,,,,1596263
2021-12-12,202150,313.0,313,313.0,313,0.82737565,2.539506,0,3,355030820215019685,2023-11-24,0,1.0798885,12325232,2E+1,90.1301342857143,1,0,1,79.0697392857143,62.3286735714286,22.3039665714286,26.2857142857143,68,,,,,1596263
2021-12-05,202149,365.0,365,365.0,365,0.9999999,2.9614048,0,3,355030820214919685,2023-11-24,0,1.5271609,12325232,15.5714285714286,87.4282471428571,0,1,1,77.7957214285714,59.9841512857143,17.9816251428571,21.8571428571429,80,,,,,1596263
2021-11-28,202148,291.0,291,291.0,291,0.99999684,2.3610103,0,1,355030820214819685,2023-11-24,0,1.5142325,12325232,17.5714285714286,90.651892,0,1,1,77.9764532857143,59.7631028571429,20.8012054285714,25.1428571428571,55,,,,,1596263
2021-11-21,202147,239.0,239,239.0,239,0.99992657,1.9391116,0,1,355030820214719685,2023-11-24,0,1.4646939,12325232,16.8571428571429,85.4728371428571,0,0,0,72.3616184285714,50.8145995714286,19.9437938571429,24.8571428571429,48,,,,,1596263
2021-11-14,202146,186.0,186,186.0,186,0.9733134,1.5090994,0,1,355030820214619685,2023-11-24,0,1.2348027,12325232,16.5714285714286,88.2302628571429,0,0,0,72.3790108571429,51.7529958571429,19.7468,24.1428571428571,36,,,,,1596263
2021-11-07,202145,144.0,144,144.0,144,0.49231252,1.168335,0,1,355030820214519685,2023-11-24,0,0.99773604,12325232,14.8571428571429,88.7683537142857,0,0,0,79.9581535714286,66.7843357142857,16.7166381428571,19.8571428571429,17,,,,,1596263
2021-10-31,202144,167.0,167,167.0,167,0.86677074,1.3549441,0,1,355030820214419685,2023-11-24,0,1.1335043,12325232,16.2857142857143,92.1619991428571,0,0,0,81.9608057142857,64.438403,18.3827637142857,22,19,,,,,1596263
2021-10-24,202143,124.0,124,124.0,124,0.037495527,1.0060662,0,1,355030820214319685,2023-11-24,0,0.80733067,12325232,16.5714285714286,93.91732,0,0,0,85.9134728571428,69.9851857142857,18.604027,22.2857142857143,22,,,,,1596263
2021-10-17,202142,156.0,156,156.0,156,0.3657774,1.2656963,0,1,355030820214219685,2023-11-24,0,0.9623068,12325232,13.8571428571429,92.90146,0,0,0,86.4754908571429,73.5067451428571,15.5460898571429,18,23,,,,,1596263
2021-10-10,202141,152.0,152,152.0,152,0.11667654,1.2332425,0,1,355030820214119685,2023-11-24,0,0.87625813,12325232,16.7142857142857,92.2373785714286,0,0,0,80.40298,58.8313844285714,19.503002,24.7142857142857,21,,,,,1596263
2021-10-03,202140,157.0,157,157.0,157,0.109054744,1.2738097,0,1,355030820214019685,2023-11-24,0,0.87437266,12325232,15.8571428571429,94.725296,0,0,0,85.1563162857143,65.7039128571429,18.0297617142857,22.8571428571429,27,,,,,1596263
2021-09-26,202139,179.0,179,179.0,179,0.56553394,1.4523053,0,1,355030820213919685,2023-11-24,0,1.0176525,12325232,16.7142857142857,86.3883762857143,0,0,0,68.219841,45.93484,21.109127,26.5714285714286,25,,,,,1596263
2021-09-19,202138,188.0,188,188.0,188,0.8223558,1.5253263,0,1,355030820213819685,2023-11-24,0,1.1025035,12325232,14.7142857142857,92.0653488571429,0,0,0,76.3199058571429,50.6668358571429,18.5238095714286,25.5714285714286,22,,,,,1596263
2021-09-12,202137,178.0,178,178.0,178,0.4829033,1.4441919,0,1,355030820213719685,2023-11-24,0,0.99547666,12325232,17,91.4812825714286,0,0,0,73.258464,48.8168844285714,21.0380434285714,26.8571428571429,27,,,,,1596263
2021-09-05,202136,166.0,166,166.0,166,0.025075655,1.3468306,0,1,355030820213619685,2023-11-24,0,0.8154072,12325232,18,88.4616471428571,0,0,0,73.4799428571429,47.1640138571429,20.965862,26.4285714285714,16,,,,,1596263
2021-08-29,202135,159.0,159,159.0,159,0.00086032425,1.2900366,0,1,355030820213519685,2023-11-24,0,0.72335166,12325232,16.1428571428571,83.754462,0,0,0,71.1681967142857,50.1176154285714,18.7730334285714,23.1428571428571,21,,,,,1596263
2021-08-22,202134,213.0,213,213.0,213,0.5536384,1.7281622,0,1,355030820213419685,2023-11-24,0,1.013184,12325232,18,65.3955582857143,0,0,0,53.2493517142857,41.8718947142857,21.8126297142857,26.4285714285714,33,,,,,1596263
2021-08-15,202133,242.0,242,242.0,242,0.9899957,1.9634519,0,1,355030820213319685,2023-11-24,0,1.250325,12325232,17.2857142857143,78.9509281428571,0,0,0,60.0367985714286,37.2543948571429,21.2950308571429,27.1428571428571,38,,,,,1596263
2021-08-08,202132,219.0,219,219.0,219,0.83891433,1.7768428,0,1,355030820213219685,2023-11-24,0,1.1016731,12325232,13.2857142857143,90.02955,0,0,0,73.9514435714286,53.8827211428571,16.3623188571429,20.2857142857143,29,,,,,1596263
2021-08-01,202131,172.0,172,172.0,172,0.0029161896,1.3955113,0,1,355030820213119685,2023-11-24,0,0.7579712,12325232,11.5714285714286,91.1201228571429,0,0,0,80.3401657142857,59.5513532857143,14.185324,18.4285714285714,26,,,,,1596263
2021-07-25,202130,188.0,188,188.0,188,0.00027092177,1.5253263,0,1,355030820213019685,2023-11-24,0,0.7201052,12325232,9.85714285714286,75.6757114285714,0,0,0,63.4619102857143,49.7190258571429,13.8680124285714,18.2857142857143,29,,,,,1596263
2021-07-18,202129,225.0,225,225.0,225,0.0013399465,1.8255235,0,1,355030820212919685,2023-11-24,0,0.7674251,12325232,1E+1,88.4735657142857,0,0,0,67.5185347142857,36.8599722857143,14.2529644285714,2E+1,32,,,,,1596263
2021-07-11,202128,270.0,270,270.0,270,0.00250913,2.190628,0,1,355030820212819685,2023-11-24,0,0.79615974,12325232,14.1428571428571,81.1417764285714,0,0,1,63.5301231428571,42.7213531428571,18.01821,22.8571428571429,46,,,,,1596263
2021-07-04,202127,289.0,289,289.0,289,1.1360157e-06,2.3447835,0,1,355030820212719685,2023-11-24,0,0.6981785,12325232,12.7142857142857,89.4097342857143,0,0,1,79.8196094285714,56.993546,15.0486542857143,19.1428571428571,49,,,,,1596263
2021-06-27,202126,314.0,314,314.0,314,5.4645177e-12,2.5476193,0,1,355030820212619685,2023-11-24,0,0.618438,12325232,11.8571428571429,82.9490007142857,0,0,1,69.6389652857143,50.8646747142857,14.992777,19,65,,,,,1596263
2021-06-20,202125,409.0,409,409.0,409,2.6633806e-11,3.3183959,0,1,355030820212519685,2023-11-24,0,0.6612735,12325232,14,92.9891914285714,0,0,1,78.5087458571429,58.4674822857143,16.8825051428571,21.4285714285714,75,,,,,1596263
2021-06-13,202124,513.0,513,513.0,513,1.7851831e-11,4.1621933,0,1,355030820212419685,2023-11-24,0,0.6864871,12325232,13,89.5140757142857,0,0,1,81.7426894285714,67.6832952857143,14.725414,17.4285714285714,123,,,,,1596263
2021-06-06,202123,583.0,583,583.0,583,3.330669e-15,4.730134,0,1,355030820212319685,2023-11-24,0,0.6626763,12325232,16.1428571428571,93.037516,0,0,1,82.8145687142857,67.4481608571429,17.9029305714286,20.4285714285714,199,,,,,1596263
2021-05-30,202122,781.0,781,781.0,781,8.3035245e-10,6.3365946,0,1,355030820212219685,2023-11-24,0,0.7527192,12325232,16,92.2534814285714,0,0,1,76.8397758571429,51.1540498571429,19.0756988571429,24.2857142857143,249,,,,,1596263
2021-05-23,202121,853.0,853,853.0,853,0.0,6.920762,0,1,355030820212119685,2023-11-24,0,0.6937903,12325232,14.8571428571429,84.37792,0,0,1,66.1582194285714,40.3548914285714,18.8241342857143,24.4285714285714,302,,,,,1596263
2021-05-16,202120,1017.0,1017,1017.0,1017,2.220446e-16,8.251366,0,1,355030820212019685,2023-11-24,0,0.7180409,12325232,14.5714285714286,92.1030928571429,0,0,1,72.795133,42.8768062857143,18.1326528571429,23.2857142857143,374,,,,,1596263
2021-05-09,202119,1226.0,1226,1226.0,1226,1.3350188e-10,9.947075,0,1,355030820211919685,2023-11-24,0,0.78645015,12325232,14.1428571428571,92.10796,0,0,1,79.706835,58.7201904285714,17.092347,21.1428571428571,509,,,,,1596263
2021-05-02,202118,1472.0,1472,1472.0,1472,0.0005112574,11.94298,0,1,355030820211819685,2023-11-24,0,0.88910663,12325232,15.2857142857143,92.9592571428571,0,0,1,75.2180321428571,47.8378351428571,18.72619,24.2857142857143,651,,,,,1596263
2021-04-25,202117,1561.0,1561,1561.0,1561,0.030993758,12.665076,0,4,355030820211719685,2023-11-24,0,0.9364034,12325232,15.7142857142857,92.1167611428571,0,0,1,78.9451135714286,55.8196371428571,18.4192545714286,22.5714285714286,734,,,,,1596263
2021-04-18,202116,1701.0,1701,1701.0,1701,0.9995896,13.800958,0,3,355030820211619685,2023-11-24,0,1.1254088,12325232,15.8571428571429,93.8848742857143,0,1,2,84.2745558571429,69.4258928571429,17.8488715714286,21,874,,,,,1596263
2021-04-11,202115,1752.0,1752,1752.0,1752,1.0,14.214743,0,3,355030820211519685,2023-11-24,0,1.4630508,12325232,17.2857142857143,83.795485,0,1,2,68.9051697142857,50.0796044285714,20.2892857142857,24.7142857142857,899,,,,,1596263
2021-04-04,202114,1679.0,1679,1679.0,1679,1.0,13.622461,0,3,355030820211419685,2023-11-24,0,1.86898,12325232,17.5714285714286,83.533376,0,1,1,69.7736021428571,45.8334312857143,20.3273811428571,25.1428571428571,914,,,,,1596263
2021-03-28,202113,1153.0,1153,1153.0,1153,1.0,9.354794,0,3,355030820211319685,2023-11-24,0,1.6145866,12325232,18.4285714285714,85.207935,1,1,1,69.5711852857143,46.5641507142857,21.4141158571429,26.4285714285714,661,,,,,1596263
2021-03-21,202112,808.0,808,808.0,808,1.0,6.5556574,0,3,355030820211219685,2023-11-24,0,1.3363925,12325232,20.7142857142857,81.7208935714286,1,1,1,66.2034265714286,38.1061732857143,24.2864905714286,29.8571428571429,377,,,,,1596263
2021-03-14,202111,713.0,713,713.0,713,0.99999994,5.784881,0,3,355030820211119685,2023-11-24,0,1.3578327,12325232,20.1428571428571,84.5272685714286,1,1,1,72.6093585714286,51.3902174285714,22.8539514285714,27.1428571428571,277,,,,,1596263
2021-03-07,202110,581.0,581,581.0,581,0.99988693,4.7139072,0,3,355030820211019685,2023-11-24,0,1.2573774,12325232,19,86.70358,1,1,1,74.1296337142857,52.9233554285714,21.6779675714286,26,179,,,,,1596263
2021-02-28,202109,544.0,544,544.0,544,0.999988,4.41371,0,3,355030820210919685,2023-11-24,0,1.3154242,12325232,20.4285714285714,86.0647428571429,1,1,1,76.2124825714286,57.3272372857143,22.118917,25.7142857142857,162,,,,,1596263
2021-02-21,202108,426.0,426,426.0,426,0.99246526,3.4563243,0,3,355030820210819685,2023-11-24,0,1.189883,12325232,19.1428571428571,85.9731142857143,1,1,1,75.0754008571429,57.7540362857143,21.6080062857143,25.4285714285714,121,,,,,1596263
2021-02-14,202107,451.0,451,451.0,451,1.0,3.6591604,0,3,355030820210719685,2023-11-24,0,1.5152484,12325232,19.4285714285714,86.1847185714286,1,1,1,71.8869657142857,49.2954507142857,22.7813148571429,27.7142857142857,127,,,,,1596263
2021-02-07,202106,344.0,344,344.0,344,0.9999823,2.7910225,0,3,355030820210619685,2023-11-24,0,1.4096577,12325232,18.2857142857143,85.1251685714286,1,1,1,76.2928485714286,61.5542958571429,20.1620082857143,23.5714285714286,86,,,,,1596263
2021-01-31,202105,314.0,314,314.0,314,0.9999915,2.5476193,0,2,355030820210519685,2023-11-24,0,1.4576195,12325232,21.1428571428571,83.2154707142857,1,1,1,68.6849851428571,48.941811,23.8927274285714,28.4285714285714,71,,,,,1596263
2021-01-24,202104,217.0,217,217.0,217,0.77218366,1.760616,0,2,355030820210419685,2023-11-24,0,1.0755885,12325232,21.4285714285714,79.0652178571429,1,0,0,63.3210654285714,42.0201088571429,24.8358585714286,29.5714285714286,50,,,,,1596263
2021-01-17,202103,210.0,210,210.0,210,0.9921321,1.7038219,0,2,355030820210319685,2023-11-24,0,1.2848433,12325232,21,82.6518258571429,1,0,0,71.2588641428571,46.3633334285714,23.5874505714286,29.1428571428571,34,,,,,1596263
2021-01-10,202102,205.0,205,205.0,205,1.0,1.6632547,0,2,355030820210219685,2023-11-24,0,1.9916846,12325232,20.8571428571429,86.9066237142857,1,0,0,77.1508651428571,56.8968681428571,23.0802794285714,27.7142857142857,20,,,,,1596263
2021-01-03,202101,231.0,231,231.0,231,1.0,1.874204,0,2,355030820210119685,2023-11-24,0,2.684975,12325232,20.1428571428571,83.8597045714286,1,0,0,70.5564818571429,48.4880434285714,23.2023811428571,28.2857142857143,22,,,,,1596263
2020-12-27,202053,105.0,105,105.0,105,0.12598006,0.85191095,0,2,355030820205319589,2023-08-20,0,0.8590437,12325232,19.5,88.27004,1,0,0,80.203382,61.6517975,21.0625,25,0,,,,,1596263
2020-12-20,202052,115.0,115,115.0,115,0.07796646,0.9330453,0,2,355030820205219589,2023-08-20,0,0.83640057,12325232,19.2857142857143,,1,0,0,,,,,7,,,,,1596263
2020-12-13,202051,105.0,105,105.0,105,0.012285894,0.85191095,0,2,355030820205119589,2023-08-20,0,0.7496119,12325232,19.0714285714286,,1,0,0,,,,,5,,,,,1596263
2020-12-06,202050,159.0,159,159.0,159,0.9542558,1.2900366,0,2,355030820205019589,2023-08-20,0,1.219718,12325232,18.8571428571429,,1,1,1,,,,,13,,,,,1596263
2020-11-29,202049,144.0,144,144.0,144,0.94235325,1.168335,0,1,355030820204919589,2023-08-20,0,1.2147468,12325232,18.6428571428571,,1,0,1,,,,,6,,,,,1596263
2020-11-22,202048,131.0,131,131.0,131,0.9479415,1.0628604,0,1,355030820204819589,2023-08-20,0,1.235324,12325232,18.4285714285714,77.8529442857143,1,0,1,65.92401,46.7453215714286,21.5656174285714,26.4285714285714,14,,,,,1596263
2020-11-15,202047,116.0,116,116.0,116,0.96006316,0.9411588,0,1,355030820204719589,2023-08-20,0,1.2762663,12325232,17,85.0024271428571,0,0,0,74.4440954285714,58.8110301428571,19.6854551428571,23,2,,,,,1596263
2020-11-08,202046,115.0,115,115.0,115,0.9889567,0.9330453,0,1,355030820204619589,2023-08-20,0,1.3865948,12325232,18,87.3807842857143,0,0,0,75.6823451428571,50.3540684285714,20.8414497142857,26.8571428571429,11,,,,,1596263
2020-11-01,202045,86.0,86,86.0,86,0.54226625,0.69775563,0,1,355030820204519589,2023-08-20,0,1.0163451,12325232,13.2857142857143,84.6391114285714,0,0,0,73.4615928571429,56.1783768571429,15.6326462857143,19.2857142857143,7,,,,,1596263
2020-10-25,202044,70.0,70,70.0,70,0.082406804,0.56794065,0,1,355030820204419589,2023-08-20,0,0.8012738,12325232,17.7142857142857,83.666848,0,0,0,69.3753221428571,47.9849575714286,20.8450262857143,25.5714285714286,5,,,,,1596263
2020-10-18,202043,96.0,96,96.0,96,0.45210496,0.77889,0,1,355030820204319589,2023-08-20,0,0.9828898,12325232,17.1428571428571,83.5268871428571,0,0,0,74.0657264285714,54.329973,19.7579285714286,24.5714285714286,14,,,,,1596263
2020-10-11,202042,81.0,81,81.0,81,0.007801956,0.6571884,0,1,355030820204219589,2023-08-20,0,0.70639205,12325232,15.5714285714286,88.04342,0,0,0,73.2142548571429,56.2298595714286,18.6224075714286,23,7,,,,,1596263
2020-10-04,202041,84.0,84,84.0,84,0.0060324785,0.68152875,0,1,355030820204119589,2023-08-20,0,0.70200646,12325232,18.7142857142857,90.7664991428571,1,0,0,77.8255487142857,54.3933727142857,21.9093031428571,27.7142857142857,8,,,,,1596263
2020-09-27,202040,132.0,132,132.0,132,0.87709016,1.0709738,0,1,355030820204019589,2023-08-20,0,1.1594989,12325232,22,74.0885194285714,1,0,1,56.5060078571429,33.6300264285714,25.7559895714286,31.4285714285714,9,,,,,1596263
2020-09-20,202039,129.0,129,129.0,129,0.89806247,1.0466335,0,1,355030820203919589,2023-08-20,0,1.1788772,12325232,15.2857142857143,89.4744108571429,0,0,1,78.8430488571429,63.5025198571429,17.3585541428571,21,12,,,,,1596263
2020-09-13,202038,103.0,103,103.0,103,0.49840182,0.83568406,0,1,355030820203819589,2023-08-20,0,0.9994431,12325232,18.4285714285714,81.8847791428571,1,0,0,63.1266602857143,39.2452545714286,22.0597828571429,27.7142857142857,9,,,,,1596263
2020-09-06,202037,117.0,117,117.0,117,0.9496055,0.9492722,0,1,355030820203719589,2023-08-20,0,1.254341,12325232,18.4285714285714,85.934526,1,0,0,67.4628248571429,38.7271691428571,22.3889985714286,29,9,,,,,1596263
2020-08-30,202036,105.0,105,105.0,105,0.85761344,0.85191095,0,1,355030820203619589,2023-08-20,0,1.1653914,12325232,16.7142857142857,86.6784128571429,0,0,0,70.475156,48.6475157142857,20.0682555714286,25.2857142857143,2,,,,,1596263
2020-08-23,202035,95.0,95,95.0,95,0.4487609,0.77077657,0,1,355030820203519589,2023-08-20,0,0.9816109,12325232,11.7142857142857,84.4686424285714,0,0,0,70.6093457142857,45.9820552857143,15.75,21.5714285714286,5,,,,,1596263
2020-08-16,202034,70.0,70,70.0,70,0.00505941,0.56794065,0,1,355030820203419589,2023-08-20,0,0.67499,12325232,13.4285714285714,92.0775991428571,0,0,0,85.8248962857143,77.2898325714286,14.8904102857143,16.8571428571429,7,,,,,1596263
2020-08-09,202033,117.0,117,117.0,117,0.5433117,0.9492722,0,1,355030820203319589,2023-08-20,0,1.0143496,12325232,16.4285714285714,80.5834857142857,0,0,0,60.4979161428571,34.4669637142857,20.7167562857143,26.8571428571429,3,,,,,1596263
2020-08-02,202032,86.0,86,86.0,86,0.0018576196,0.69775563,0,1,355030820203219589,2023-08-20,0,0.6705902,12325232,12.8571428571429,89.5071671428571,0,0,0,75.0379821428571,47.2348407142857,16.0265387142857,21.4285714285714,10,,,,,1596263
2020-07-26,202031,123.0,123,123.0,123,0.12354385,0.9979528,0,1,355030820203119589,2023-08-20,0,0.8674363,12325232,14.1428571428571,88.8665785714286,0,0,1,76.3719048571429,53.949494,17.0205021428571,21.8571428571429,11,,,,,1596263
2020-07-19,202030,128.0,128,128.0,128,0.033561926,1.03852,0,1,355030820203019589,2023-08-20,0,0.80534655,12325232,16,73.9078347142857,0,0,1,56.3590768571429,36.2672555714286,20.0470914285714,24.7142857142857,13,,,,,1596263
2020-07-12,202029,138.0,138,138.0,138,0.019612806,1.1196544,0,1,355030820202919589,2023-08-20,0,0.79151505,12325232,14.8571428571429,85.98253,0,0,1,74.7482447142857,60.1947428571429,17.7793852857143,21.5714285714286,12,,,,,1596263
2020-07-05,202028,158.0,158,158.0,158,0.07078727,1.2819232,0,1,355030820202819589,2023-08-20,0,0.8532063,12325232,15.5714285714286,78.5127257142857,0,0,1,66.3651527142857,47.032291,18.9290045714286,23.1428571428571,16,,,,,1596263
2020-06-28,202027,187.0,187,187.0,187,0.21194348,1.5172129,0,1,355030820202719589,2023-08-20,0,0.9222316,12325232,12.7142857142857,87.0586765714286,0,0,1,74.1889772857143,52.3914687142857,15.3784204285714,2E+1,13,,,,,1596263
2020-06-21,202026,175.0,175,175.0,175,0.006021713,1.4198515,0,1,355030820202619589,2023-08-20,0,0.777413,12325232,15.5714285714286,77.9879918571429,0,0,1,64.3234657142857,47.7541752857143,19.1475608571429,23.1428571428571,13,,,,,1596263
2020-06-14,202025,197.0,197,197.0,197,0.02181609,1.5983472,0,1,355030820202519589,2023-08-20,0,0.8240657,12325232,15.5714285714286,84.9756028571429,0,0,1,70.5200545714286,49.4257027142857,18.7319265714286,23.2857142857143,22,,,,,1596263
2020-06-07,202024,237.0,237,237.0,237,0.19476645,1.9228847,0,1,355030820202419589,2023-08-20,0,0.92546093,12325232,18.2857142857143,84.5917648571429,1,0,1,67.1768871428571,47.2711225714286,21.769748,26.2857142857143,25,,,,,1596263
2020-05-31,202023,247.0,247,247.0,247,0.007672821,2.004019,0,1,355030820202319589,2023-08-20,0,0.81303996,12325232,15.4285714285714,88.8795214285714,0,0,1,73.8674171428571,58.4839447142857,18.1910307142857,22,25,,,,,1596263
2020-05-24,202022,229.0,229,229.0,229,2.636252e-09,1.8579772,0,1,355030820202219589,2023-08-20,0,0.6168197,12325232,10.8571428571429,84.5959072857143,0,0,1,64.4887397142857,38.4193798571429,14.8941512857143,20.8571428571429,23,,,,,1596263
2020-05-17,202021,283.0,283,283.0,283,6.6284387e-09,2.2961028,0,1,355030820202119589,2023-08-20,0,0.6512297,12325232,15,87.72883,0,0,1,70.824012,37.86897,19.0024702857143,24.7142857142857,22,,,,,1596263
2020-05-10,202020,404.0,404,404.0,404,0.00092041865,3.2778287,0,1,355030820202019589,2023-08-20,0,0.812243,12325232,14.2857142857143,84.8638657142857,0,0,1,68.3467425714286,48.0704528571429,17.9719888571429,22.4285714285714,46,,,,,1596263
2020-05-03,202019,408.0,408,408.0,408,4.1736563e-05,3.3102825,0,1,355030820201919589,2023-08-20,0,0.77250266,12325232,14,89.5801757142857,0,0,1,70.162338,47.9645552857143,17.1887494285714,22,54,,,,,1596263
2020-04-26,202018,516.0,516,516.0,516,0.70801604,4.186534,0,3,355030820201819589,2023-08-20,0,1.0349696,12325232,16.8571428571429,87.5623234285714,0,0,1,67.5267392857143,42.0346365714286,20.6581632857143,25.7142857142857,65,,,,,1596263
2020-04-19,202017,585.0,585,585.0,585,0.99999005,4.746361,0,3,355030820201719589,2023-08-20,0,1.3054072,12325232,15.1428571428571,90.4393014285714,0,1,1,74.5474664285714,45.5154031428571,19.0545362857143,24.8571428571429,83,,,,,1596263
2020-04-12,202016,510.0,510,510.0,510,0.9960479,4.137853,0,1,355030820201619589,2023-08-20,0,1.1896222,12325232,16,86.463228,0,1,1,74.0026092857143,53.8869838571429,18.8025734285714,23.4285714285714,72,,,,,1596263
2020-04-05,202015,418.0,418,418.0,418,0.05921925,3.3914168,0,1,355030820201519589,2023-08-20,0,0.90018964,12325232,15.8571428571429,88.8671711428571,0,0,1,74.058032,50.7635434285714,19.0764865714286,24,96,,,,,1596263
2020-03-29,202014,419.0,419,419.0,419,2.3104968e-07,3.3995304,0,1,355030820201419589,2023-08-20,0,0.7252157,12325232,18.8571428571429,88.2755414285714,1,0,1,73.099993,49.366951,22.0432094285714,27.2857142857143,83,,,,,1596263
2020-03-22,202013,419.0,419,419.0,419,0.0,3.3995304,0,1,355030820201319589,2023-08-20,0,0.5931229,12325232,16.7142857142857,85.77016,0,0,1,71.2921172857143,42.6378325714286,19.9594154285714,25.7142857142857,105,,,,,1596263
2020-03-15,202012,511.0,511,511.0,511,1.12381215e-11,4.1459665,0,4,355030820201219589,2023-08-20,0,0.68360347,12325232,20.5714285714286,86.9672657142857,1,0,1,75.1462165714286,56.2341157142857,22.9372291428571,26.8571428571429,76,,,,,1596263
2020-03-08,202011,857.0,857,857.0,857,0.9893285,6.953216,0,4,355030820201119589,2023-08-20,0,1.1211965,12325232,18.1428571428571,89.0178342857143,1,1,2,83.24176,75.8287408571429,19.4618291428571,21,149,,,,,1596263
2020-03-01,202010,727.0,727,727.0,727,0.019370034,5.898469,0,4,355030820201019589,2023-08-20,0,0.8998212,12325232,16.5714285714286,92.2063168571429,0,0,2,84.6231535714286,71.0449907142857,18.3281024285714,21.1428571428571,183,,,,,1596263
2020-02-23,202009,712.0,712,712.0,712,0.0081964,5.7767677,0,4,355030820200919589,2023-08-20,0,0.88399214,12325232,17.8571428571429,92.2576585714286,0,0,2,85.8779297142857,78.2189745714286,19.1370601428571,21.1428571428571,140,,,,,1596263
2020-02-16,202008,856.0,856,856.0,856,0.9991303,6.9451027,0,4,355030820200819589,2023-08-20,0,1.1704624,12325232,21.4285714285714,86.9066237142857,1,1,2,83.7196781428571,78.3222022857143,22.1111114285714,23,150,,,,,1596263
2020-02-09,202007,886.0,886,886.0,886,1.0,7.1885056,0,3,355030820200719589,2023-08-20,0,1.3570267,12325232,18.5714285714286,90.7514742857143,1,1,2,86.5106085714286,82.2948194285714,19.3820862857143,2E+1,169,,,,,1596263
2020-02-02,202006,695.0,695,695.0,695,0.9963017,5.6388392,0,3,355030820200619589,2023-08-20,0,1.1607786,12325232,2E+1,90.8168485714286,1,1,2,85.7305724285714,76.6157121428571,21.4525937142857,23.4285714285714,137,,,,,1596263
2020-01-26,202005,659.0,659,659.0,659,0.9977656,5.3467555,0,3,355030820200519589,2023-08-20,0,1.1771351,12325232,20.1428571428571,84.9227437142857,1,1,1,64.0882181428571,43.0811162857143,24.3460145714286,30.1428571428571,131,,,,,1596263
2020-01-19,202004,582.0,582,582.0,582,0.99819154,4.7220206,0,3,355030820200419589,2023-08-20,0,1.1951578,12325232,18,89.00563,0,1,1,77.9850727142857,60.9697732857143,20.3653578571429,24,100,,,,,1596263
2020-01-12,202003,566.0,566,566.0,566,1.0,4.5922055,0,3,355030820200319589,2023-08-20,0,1.5595798,12325232,19.8571428571429,90.7912,1,1,1,78.5033684285714,62.185157,22.5728095714286,26.4285714285714,96,,,,,1596263
2020-01-05,202002,578.0,578,578.0,578,1.0,4.689567,0,2,355030820200219589,2023-08-20,0,2.0643544,12325232,21.1428571428571,88.7024357142857,1,1,1,74.6796181428571,56.0631885714286,24.2297892857143,28.4285714285714,97,,,,,1596263
2019-12-29,202001,311.0,311,311.0,311,0.9295665,2.5232792,0,2,355030820200119589,2023-08-20,0,1.1293579,12325232,2E+1,88.5325191666667,1,0,1,78.2973906666667,63.5008628333333,21.8776316666667,25.5,78,,,,,1596263
